RF,KNN,XGB
8605.438517686669,9172.436377838305,8591.565966506809
