RF,KNN,XGB
2984.209488439791,2268.5914267443495,2988.426373114397
