RF,KNN,XGB
118362.24392116515,118637.47557435557,118630.28596923992
