RF,KNN,XGB
47936.123821931295,5170.201730376391,418656.19145333365
