RF,KNN,XGB
3232.5348498574735,3938.0048903684547,3522.384306952574
